"Variable / Field Name","Form Name","Section Header","Field Type","Field Label","Choices, Calculations, OR Slider Labels","Field Note","Text Validation Type OR Show Slider Number","Text Validation Min","Text Validation Max",Identifier?,"Branching Logic (Show field only if...)","Required Field?","Custom Alignment","Question Number (surveys only)","Matrix Group Name","Matrix Ranking?","Field Annotation"
record_id,stakeholder_questionnaire_sales_representative,,text,"Record ID",,,,,,,,,,,,,
beruf,stakeholder_questionnaire_sales_representative," Personal Data",text,"What is your profession / your position?",,,,,,,,,,,,,
jahre_im_vertrieb,stakeholder_questionnaire_sales_representative,,text,"How long have you been working in this profession?",,"Please indicate here, how many years you have been working in sales (also in other companies or in a different position).",,,,,,,,,,,
sales_understand_swresult,stakeholder_questionnaire_sales_representative,"In your opinion, do the following statements apply to selling medical software?",slider,"It is important that I understand the results delivered by the medical software, which I want to sell.","strongly disagree |  | strongly agree",,,,,,,,RH,,,,
sales_understand_whyresult,stakeholder_questionnaire_sales_representative,,slider,"It is important that I understand the underlying rationale why the medical software produces a certain result.","strongly disagree |  | strongly agree",,,,,,,,RH,,,,
client_understand_swresult,stakeholder_questionnaire_sales_representative,,slider,"It is important that my clients, to whom I want to sell a medical software, understand the results delivered by the software.","strongly disagree |  | strongly agree",,,,,,,,RH,,,,
client_understand_whyresult,stakeholder_questionnaire_sales_representative,,slider,"It is important that my clients understand the underlying rationale why the medical software delivers a certain result.","strongly disagree |  | strongly agree",,,,,,,,RH,,,,
heading_typisch_vertrieb,stakeholder_questionnaire_sales_representative,"In your opinion, do the following statements apply to sales representatives?",descriptive,"Sales representatives...",,,,,,,,,,,,,
typisch_fachausbildung,stakeholder_questionnaire_sales_representative,,slider,"...have got an educational background in the application field of the products they sell (e.g. education in medicine for selling medical products).","strongly disagree |  | strongly agree","Please click / tap on the slider and drag the marker to the appropriate position.",,,,,,,RH,,,,
typisch_produktkenntnis,stakeholder_questionnaire_sales_representative,,slider,"...understand the technical functionality of ""their"" products in detail. ","strongly disagree |  | strongly agree","Please click / tap on the slider and drag the marker to the appropriate position.",,,,,,,RH,,,,
typisch_kennen_normen,stakeholder_questionnaire_sales_representative,,slider,"...know the norms, regulations and laws, which are relevant for the application of ""their"" products, in detail.","strongly disagree |  | strongly agree","Please click / tap on the slider and drag the marker to the appropriate position.",,,,,,,RH,,,,
typisch_teamarbeit_4,stakeholder_questionnaire_sales_representative,,slider,"...work in teams.","strongly disagree |  | strongly agree","Please click / tap on the slider and drag the marker to the appropriate position.",,,,,,,RH,,,,
typisch_technikaffin,stakeholder_questionnaire_sales_representative,,slider,"...are ""technophiles"".","strongly disagree |  | strongly agree","Please click / tap on the slider and drag the marker to the appropriate position.",,,,,,,RH,,,,
typisch_neuerungenpositiv,stakeholder_questionnaire_sales_representative,,slider,"...see changes and innovations as positive challenges and look forward to them. ","strongly disagree |  | strongly agree","Please click / tap on the slider and drag the marker to the appropriate position.",,,,,,,RH,,,,
typisch_gerne_innovation,stakeholder_questionnaire_sales_representative,,slider,"...like to work with new devices / technologies and innovations.","strongly disagree |  | strongly agree","Please click / tap on the slider and drag the marker to the appropriate position.",,,,,,,RH,,,,
typisch_spontan,stakeholder_questionnaire_sales_representative,,slider,"...are spontaneous and like to improvise.","strongly disagree |  | strongly agree","Please click / tap on the slider and drag the marker to the appropriate position.",,,,,,,RH,,,,
typisch_sozialaktiv,stakeholder_questionnaire_sales_representative,,slider,"...are sociable, socially engaged and like to spend time with friends / family.","strongly disagree |  | strongly agree","Please click / tap on the slider and drag the marker to the appropriate position.",,,,,,,RH,,,,
typisch_gebrauchsanleitung,stakeholder_questionnaire_sales_representative,,slider,"...read the manual before using a new device.","strongly disagree |  | strongly agree","Please click / tap on the slider and drag the marker to the appropriate position.",,,,,,,RH,,,,
typisch_eigenschaft,stakeholder_questionnaire_sales_representative,"Typical for Sales Representatives",notes,"In your opinion, which personal traits and skills are typical for sales representatives?",,,,,,,,,RH,,,,
typisch_frustration,stakeholder_questionnaire_sales_representative,,notes,"In your opinion, what annoys / frustrates sales representatives most?",,,,,,,,,RH,,,,
typisch_motivation,stakeholder_questionnaire_sales_representative,,notes,"In your opinion, what are the main motivating factors for sales representatives?",,,,,,,,,RH,,,,
ziele,stakeholder_questionnaire_sales_representative,,text,"In your opinion, what are the goals and objectives of sales representatives?
",,,,,,,,,,,,,
