"Variable / Field Name","Form Name","Section Header","Field Type","Field Label","Choices, Calculations, OR Slider Labels","Field Note","Text Validation Type OR Show Slider Number","Text Validation Min","Text Validation Max",Identifier?,"Branching Logic (Show field only if...)","Required Field?","Custom Alignment","Question Number (surveys only)","Matrix Group Name","Matrix Ranking?","Field Annotation"
record_id,stakeholder_questionnaire_pathologist,,text,"Record ID",,,,,,,,,,,,,
angaben_zur_person,stakeholder_questionnaire_pathologist," Personal Data",descriptive,"<div class=""rich-text-field-label""><table style=""border-collapse: collapse; width: 100%;"" border=""1""> <tbody> <tr> <td style=""width: 8.5625%; text-align: right; vertical-align: top;"">age</td> <td style=""width: 16.522%; vertical-align: top;""><span style=""font-weight: normal;"">{alter}</span></td> <td style=""width: 17.535%; text-align: right; vertical-align: top;"">sex</td> <td style=""width: 16.0879%; vertical-align: top;"" colspan=""3""><span style=""font-weight: normal;"">{geschlecht}</span></td> </tr> </tbody> </table></div>",,,,,,,,,,,,,
alter,stakeholder_questionnaire_pathologist,,radio,Age,"1, < 30 | 2, 30 - 40 | 3, 41 - 50 | 4, 51 - 60 | 5, > 60","your age in years",,,,,,,,,,,
geschlecht,stakeholder_questionnaire_pathologist,,radio,Sex,"1, female | 2, male | 3, divers",,,,,,,,,,,,
beruf,stakeholder_questionnaire_pathologist,"Occupation and Tasks",dropdown,"What is your profession / your position?","1, Specialist in Pathology | 2, Resident in Pathology",,,,,,,,,,,,
im_beruf_seit,stakeholder_questionnaire_pathologist,,text,"How long have you been working as a pathologist (including specialty training)? ",,"Please indicate here how many years you have been working as a pathologist in total (also in other institutions or in a different position).",,,,,,,,,,,
diagnostik_forschung,stakeholder_questionnaire_pathologist,,radio,"Your working field as a pathologist:","1, only in diagnostics | 2, only in research | 3, both, in diagnostics and research",,,,,,,,,,,,
arbeitsablauf,stakeholder_questionnaire_pathologist,,notes,"What are your tasks as a pathologist?",,"Please list your tasks and give an indication of the approximate share (in %) of your daily work you typically spend on each  of these tasks.",,,,,,,,,,,
einsatz_digitale_patho,stakeholder_questionnaire_pathologist,,checkbox,"Are you already working with digital/computational pathology?","2, yes, in routine diagnostics | 1, yes, in research | 0, no",,,,,,,,,,,,
zugriff_auf_wsi,stakeholder_questionnaire_pathologist,,radio,"Do you have access to a whole-slide scanner or can you get digitised WSI (Whole Slide Images) of your glass slides, if you need them?","1, yes | 0, no | 2, I don't know",,,,,,,,,,,,
einsatz_ai,stakeholder_questionnaire_pathologist,,checkbox,"Do you use computer programs for analysis of histopathology images?","2, yes, in diagnostics | 1, yes, in research | 0, no",,,,,,,,,,,,
ai_welche_wofuer,stakeholder_questionnaire_pathologist,,notes,"If you do use computer programs for analysis of histopathology images:
Which apps/solutions do you use and for which tasks do you use these?
",,,,,,,,,,,,,
computer_kenntnisse,stakeholder_questionnaire_pathologist,,slider,"How would you rate your knowledge/skills as a computer user?","no computer-user skills |  | excellent computer-user skills","Please click / tap on the slider and drag the marker to the appropriate position.",,,,,,,RH,,,,
motivation,stakeholder_questionnaire_pathologist,"Motivation and Goals",notes,"What are your motivating factors for doing your job well?",,,,,,,,,,,,,
frustration,stakeholder_questionnaire_pathologist,,notes,"What annoys / frustrates you in your work as a pathologist?",,,,,,,,,,,,,
arbeitsumfeld,stakeholder_questionnaire_pathologist,"Needs and Desires",notes,"What would constitute an ideal working environment and ideal working conditions for you?
",,"Please mention aspects regarding the workplace, infrastructure, organisational and social factors etc., which are important for you.",,,,,,,,,,,
computer_wunsch,stakeholder_questionnaire_pathologist,,notes,"For which tasks in diagnostics would you like to have apps/software to support you?
",,,,,,,,,,,,,
trust_conditions,stakeholder_questionnaire_pathologist,,notes,"Under which conditions would you accept/follow/trust a decision made by a software applied in diagnostics?
",,,,,,,,,,,,,
veraenderung_positiv,stakeholder_questionnaire_pathologist,"Values and Aspirations",slider,"I see changes and innovations as a positive challenge and look forward to them.","strongly disagree |  | strongly agree","Please click / tap on the slider and drag the marker to the appropriate position.",,,,,,,RH,,,,
gerne_innovation,stakeholder_questionnaire_pathologist,,slider,"I like working with new technical devices / technologies and innovations.

","strongly disagree |  | strongly agree","Please click / tap on the slider and drag the marker to the appropriate position.",,,,,,,RH,,,,
technik_affin,stakeholder_questionnaire_pathologist,,slider,"I am a ""technophile"".","strongly disagree |  | strongly agree","Please click / tap on the slider and drag the marker to the appropriate position.",,,,,,,RH,,,,
computer_support_diagnostics,stakeholder_questionnaire_pathologist,,slider,"I am looking forward to get more support by artificial intelligence solutions for my diagnostics tasks.","strongly disagree |  | strongly agree","Please click / tap on the slider and drag the marker to the appropriate position.",,,,,,,RH,,,,
vergangenheitsorientiert_2,stakeholder_questionnaire_pathologist,,slider,"I often resort to experiences and findings from the past.","strongly disagree |  | strongly agree","Please click / tap on the slider and drag the marker to the appropriate position.",,,,,,,RH,,,,
lese_gebrauchsanleitung,stakeholder_questionnaire_pathologist,,slider,"I read the manual before using a new device.","strongly disagree |  | strongly agree","Please click / tap on the slider and drag the marker to the appropriate position.",,,,,,,RH,,,,
spontan,stakeholder_questionnaire_pathologist,,slider,"I am spontaneous and like to improvise.","strongly disagree |  | strongly agree","Please click / tap on the slider and drag the marker to the appropriate position.",,,,,,,RH,,,,
sozial,stakeholder_questionnaire_pathologist,,slider,"I am sociable, socially engaged and enjoy spending time with friends / family.","strongly disagree |  | strongly agree","Please click / tap on the slider and drag the marker to the appropriate position.",,,,,,,RH,,,,
abschalten_nach_arbeit,stakeholder_questionnaire_pathologist,,slider,"When I leave work, leisure time starts for me.","strongly disagree |  | strongly agree","Please click / tap on the slider and drag the marker to the appropriate position.",,,,,,,RH,,,,
typisch_teamarbeit,stakeholder_questionnaire_pathologist,"In your opinion, do the following statements apply to a ""typical"" pathologist?
",slider,"Pathologists work in a team.","strongly disagree |  | strongly agree","Please click / tap on the slider and drag the marker to the appropriate position.",,,,,,,RH,,,,
typisch_technikaffin,stakeholder_questionnaire_pathologist,,slider,"Pathologists are ""technophiles"".","strongly disagree |  | strongly agree","Please click / tap on the slider and drag the marker to the appropriate position.",,,,,,,RH,,,,
typisch_neuerungenpositiv,stakeholder_questionnaire_pathologist,,slider,"Pathologists see changes and innovations as a positive challenge and look forward to them.","strongly disagree |  | strongly agree","Please click / tap on the slider and drag the marker to the appropriate position.",,,,,,,RH,,,,
typisch_gerne_innovation,stakeholder_questionnaire_pathologist,,slider,"Pathologists like to work with new devices / technologies and innovations.","strongly disagree |  | strongly agree",,,,,,,,RH,,,,
typisch_spontan,stakeholder_questionnaire_pathologist,,slider,"Pathologists are spontaneous and like to improvise.","strongly disagree |  | strongly agree","Please click / tap on the slider and drag the marker to the appropriate position.",,,,,,,RH,,,,
typisch_sozialaktiv,stakeholder_questionnaire_pathologist,,slider,"Pathologists are sociable and active and enjoy spending time with friends / family. ","strongly disagree |  | strongly agree","Please click / tap on the slider and drag the marker to the appropriate position.",,,,,,,RH,,,,
typisch_gebrauchsanleitung,stakeholder_questionnaire_pathologist,,slider,"Pathologists read the manual before using a new device.","strongly disagree |  | strongly agree","Please click / tap on the slider and drag the marker to the appropriate position.",,,,,,,RH,,,,
typisch_eigenschaft,stakeholder_questionnaire_pathologist,"Typical for Pathologists",notes,"In your opinion, which personal traits and characteristics are typical for pathologists?
",,,,,,,,,RH,,,,
typisch_frustration,stakeholder_questionnaire_pathologist,,notes,"In your opinion, what annoys / frustrates pathologists most? 
",,,,,,,,,RH,,,,
typisch_motivation,stakeholder_questionnaire_pathologist,,notes,"In your opinion, what are the strongest motivating factors for pathologists?
",,,,,,,,,RH,,,,
